<?xml version="1.0" encoding="UTF-8"?>
<!DOCTYPE modules>
<modules>
 <wx use="True">
  <item>wx</item>
  <item>wxPython</item>
 </wx>
 <Python3 use="True">
  <item>array</item>
  <item>audioop</item>
  <item>binascii</item>
  <item>cPickle</item>
  <item>cStringIO</item>
  <item>cmath</item>
  <item>collections</item>
  <item>datetime</item>
  <item>errno</item>
  <item>exceptions</item>
  <item>gc</item>
  <item>imageop</item>
  <item>imp</item>
  <item>itertools</item>
  <item>marshal</item>
  <item>math</item>
  <item>mmap</item>
  <item>msvcrt</item>
  <item>nt</item>
  <item>operator</item>
  <item>os</item>
  <item>parser</item>
  <item>rgbimg</item>
  <item>signal</item>
  <item>strop</item>
  <item>sys</item>
  <item>thread</item>
  <item>time</item>
  <item>os.path</item>
  <item>zipimport</item>
  <item>zlib</item>
 </Python3>
 <PyQt5 use="True">
  <item>PyQt5</item>
  <item>PyQt5.QtGui</item>
  <item>QtGui</item>
  <item>PyQt5.QtCore</item>
  <item>QtCore</item>
  <item>PyQt5.QtScript</item>
  <item>QtScript</item>
  <item>PyQt5.QtDBus</item>
  <item>QtDBus</item>
  <item>PyQt5.QtDeclarative</item>
  <item>QtDeclarative</item>
  <item>PyQt5.QtHelp</item>
  <item>QtHelp</item>
  <item>PyQt5.QtMultimedia</item>
  <item>QtMultimedia</item>
  <item>PyQt5.QtNetwork</item>
  <item>QtNetwork</item>
  <item>PyQt5.QtOpenGL</item>
  <item>QtOpenGL</item>
  <item>PyQt5.QtScriptTools</item>
  <item>QtScriptTools</item>
  <item>PyQt5.QtSql</item>
  <item>QtSql</item>
  <item>PyQt5.QtSvg</item>
  <item>QtSvg</item>
  <item>PyQt5.QtTest</item>
  <item>QtTest</item>
  <item>PyQt5.QtWebKit</item>
  <item>QtWebKit</item>
  <item>PyQt5.QtXml</item>
  <item>QtXml</item>
  <item>PyQt5.QtXmlPatterns</item>
  <item>QtXmlPatterns</item>
  <item>PyQt5.phonon</item>
  <item>phonon</item>
  <item>PyQt5.QtAssistant</item>
  <item>QtAssistant</item>
  <item>PyQt5.QtDesigner</item>
  <item>QtDesigner</item>
  <item>PyQt5.QAxContainer</item>
  <item>QAxContainer</item>
  <item>PyQt5.Qsci</item>
  <item>QsciScintilla</item>
 </PyQt5>
 <PyQt6 use="True">
  <item>PyQt6</item>
  <item>PyQt6.QtGui</item>
  <item>QtGui</item>
  <item>PyQt6.QtCore</item>
  <item>QtCore</item>
  <item>PyQt6.QtScript</item>
  <item>QtScript</item>
  <item>PyQt6.QtDBus</item>
  <item>QtDBus</item>
  <item>PyQt6.QtDeclarative</item>
  <item>QtDeclarative</item>
  <item>PyQt6.QtHelp</item>
  <item>QtHelp</item>
  <item>PyQt6.QtMultimedia</item>
  <item>QtMultimedia</item>
  <item>PyQt6.QtNetwork</item>
  <item>QtNetwork</item>
  <item>PyQt6.QtOpenGL</item>
  <item>QtOpenGL</item>
  <item>PyQt6.QtScriptTools</item>
  <item>QtScriptTools</item>
  <item>PyQt6.QtSql</item>
  <item>QtSql</item>
  <item>PyQt6.QtSvg</item>
  <item>QtSvg</item>
  <item>PyQt6.QtTest</item>
  <item>QtTest</item>
  <item>PyQt6.QtWebKit</item>
  <item>QtWebKit</item>
  <item>PyQt6.QtXml</item>
  <item>QtXml</item>
  <item>PyQt6.QtXmlPatterns</item>
  <item>QtXmlPatterns</item>
  <item>PyQt6.phonon</item>
  <item>phonon</item>
  <item>PyQt6.QtAssistant</item>
  <item>QtAssistant</item>
  <item>PyQt6.QtDesigner</item>
  <item>QtDesigner</item>
  <item>PyQt6.QAxContainer</item>
  <item>QAxContainer</item>
  <item>PyQt6.Qsci</item>
  <item>QsciScintilla</item>
 </PyQt6>
</modules>
