<?xml version="1.0" encoding="UTF-8"?>
<!DOCTYPE Scheme>
<Attributes>
 <lexer>
  <property size="11" paper="#ffffff" bold="False" color="#c8bf4d" font="Courier New" italic="False">SingleQuotedString</property>
  <property size="11" paper="#ffffff" bold="False" color="#5cbed0" font="Courier New" italic="False">Keyword</property>
  <property size="11" paper="#ffffff" bold="False" color="#7d7d7d" font="Courier New" italic="True">Comment</property>
  <property size="11" paper="#ffffff" bold="False" color="#c8bf4d" font="Courier New" italic="False">TripleDoubleQuotedString</property>
  <property size="11" paper="#ffbef1" bold="False" color="#c8bf4d" font="Courier New" italic="False">UnclosedString</property>
  <property size="11" paper="#ffffff" bold="False" color="#ffffff" font="Courier New" italic="False">Default</property>
  <property size="11" paper="#ffbef1" bold="False" color="#ff0000" font="Courier New" italic="False">HighlightedIdentifier</property>
  <property size="11" paper="#ffffff" bold="False" color="#a6e22e" font="Courier New" italic="False">FunctionMethodName</property>
  <property size="11" paper="#ffffff" bold="False" color="#c8bf4d" font="Courier New" italic="False">DoubleQuotedString</property>
  <property size="11" paper="#ffffff" bold="False" color="#ffaa00" font="Courier New" italic="False">ClassName</property>
  <property size="11" paper="#ffffff" bold="False" color="#ffffff" font="Courier New" italic="False">Number</property>
  <property size="11" paper="#ffffff" bold="False" color="#95e454" font="Courier New" italic="False">Decorator</property>
  <property size="11" paper="#ffffff" bold="False" color="#c8bf4d" font="Courier New" italic="False">TripleSingleQuotedString</property>
  <property size="11" paper="#ffffff" bold="False" color="#ffaa00" font="Courier New" italic="False">Operator</property>
  <property size="11" paper="#ffffff" bold="False" color="#7d7d7d" font="Courier New" italic="True">CommentBlock</property>
  <property size="11" paper="#ffffff" bold="False" color="#ffffff" font="Courier New" italic="False">Identifier</property>
 </lexer>
 <editor>
  <property highLight="#ffffff" background="#303030" foreground="#ffffff">Calltips</property>
  <property background="#383838" foreground="#ffffff">Active Line</property>
  <property background="#000000" foreground="#ff664b">Errors</property>
  <property background="#242424" foreground="#f8f8f8">White Spaces</property>
  <property background="#55aa00" foreground="#000000">Matched Braces</property>
  <property background="#555555" foreground="#ffffff">Selection</property>
  <property background="#868686" foreground="#191919">Indentation Guide</property>
  <property background="#ffffff" foreground="#ff0000">Edge Line</property>
  <property background="#121212" foreground="#121212">Fold Margin</property>
  <property background="#000000" foreground="#abd8ff">Warnings</property>
  <property background="#121212" foreground="#5a5a5a">Fold Markers</property>
  <property background="Custom" foreground="#242424">Paper</property>
  <property background="#000000" foreground="#ff0000">Unmatched Braces</property>
  <property size="10" bold="False" background="#121212" foreground="#515151" font="Courier New" italic="False">Number Margin</property>
 </editor>
</Attributes>
