<?xml version="1.0" encoding="UTF-8"?>
<!DOCTYPE modules>
<modules>
 <wx use="True">
  <item>wx</item>
  <item>wxPython</item>
 </wx>
 <Python use="True">
  <item>array</item>
  <item>audioop</item>
  <item>binascii</item>
  <item>cPickle</item>
  <item>cStringIO</item>
  <item>cmath</item>
  <item>collections</item>
  <item>datetime</item>
  <item>errno</item>
  <item>exceptions</item>
  <item>gc</item>
  <item>imageop</item>
  <item>imp</item>
  <item>itertools</item>
  <item>marshal</item>
  <item>math</item>
  <item>mmap</item>
  <item>msvcrt</item>
  <item>nt</item>
  <item>operator</item>
  <item>os</item>
  <item>parser</item>
  <item>rgbimg</item>
  <item>signal</item>
  <item>strop</item>
  <item>sys</item>
  <item>thread</item>
  <item>time</item>
  <item>os.path</item>
  <item>zipimport</item>
  <item>zlib</item>
 </Python>
 <PyQt4 use="True">
  <item>PyQt4</item>
  <item>PyQt4.QtGui</item>
  <item>QtGui</item>
  <item>PyQt4.QtCore</item>
  <item>QtCore</item>
  <item>PyQt4.QtScript</item>
  <item>QtScript</item>
  <item>PyQt4.QtDBus</item>
  <item>QtDBus</item>
  <item>PyQt4.QtDeclarative</item>
  <item>QtDeclarative</item>
  <item>PyQt4.QtHelp</item>
  <item>QtHelp</item>
  <item>PyQt4.QtMultimedia</item>
  <item>QtMultimedia</item>
  <item>PyQt4.QtNetwork</item>
  <item>QtNetwork</item>
  <item>PyQt4.QtOpenGL</item>
  <item>QtOpenGL</item>
  <item>PyQt4.QtScriptTools</item>
  <item>QtScriptTools</item>
  <item>PyQt4.QtSql</item>
  <item>QtSql</item>
  <item>PyQt4.QtSvg</item>
  <item>QtSvg</item>
  <item>PyQt4.QtTest</item>
  <item>QtTest</item>
  <item>PyQt4.QtWebKit</item>
  <item>QtWebKit</item>
  <item>PyQt4.QtXml</item>
  <item>QtXml</item>
  <item>PyQt4.QtXmlPatterns</item>
  <item>QtXmlPatterns</item>
  <item>PyQt4.phonon</item>
  <item>phonon</item>
  <item>PyQt4.QtAssistant</item>
  <item>QtAssistant</item>
  <item>PyQt4.QtDesigner</item>
  <item>QtDesigner</item>
  <item>PyQt4.QAxContainer</item>
  <item>QAxContainer</item>
  <item>PyQt4.Qsci</item>
  <item>QsciScintilla</item>
 </PyQt4>
</modules>
